{"cameraMode":{"drawMode":0,"name":"Shaded","section":"Shading Mode"},"sceneLighting":true,"audioPlay":false,"sceneViewState":{"showFog":true,"showMaterialUpdate":false,"showSkybox":true,"showFlares":true,"showImageEffects":true,"showParticleSystems":true,"showVisualEffectGraphs":true,"m_FxEnabled":true},"in2DMode":false,"pivot":{"x":4.050637722015381,"y":0.8921261429786682,"z":-15.482477188110352},"rotation":{"x":0.038164254277944568,"y":-0.13217201828956605,"z":0.00508923688903451,"w":0.9904799461364746},"size":1.4615566730499268,"orthographic":false}