{"cameraMode":{"drawMode":0,"name":"Shaded","section":"Shading Mode"},"sceneLighting":true,"audioPlay":false,"sceneViewState":{"showFog":true,"showMaterialUpdate":false,"showSkybox":true,"showFlares":true,"showImageEffects":true,"showParticleSystems":true,"showVisualEffectGraphs":true,"m_FxEnabled":true},"in2DMode":false,"pivot":{"x":4.183561325073242,"y":0.9957437515258789,"z":-15.05325984954834},"rotation":{"x":-0.015464521944522858,"y":-0.054624784737825397,"z":-0.0008495787042193115,"w":0.9983878135681152},"size":0.09646916389465332,"orthographic":false}